2018-06-24,6225.27,6254.08,5782.48,6166.82
2018-06-25,6167.37,6344.08,6101.17,6277.78
2018-06-26,6277.51,6286.11,6152.46,6238.15
2018-06-27,6238.02,6238.22,6022.34,6130.8
2018-06-28,6131.15,6191.36,5926.89,5937.94
2018-06-29,5937.97,5968.38,5816.11,5921.19
2018-06-30,5921.7,6500.59,5826.01,6333.53
2018-07-01,6336.48,6427.8,6264.09,6355.72
2018-07-02,6354.93,6671.89,6277.93,6649.21
2018-07-03,6647.76,6670.04,6539.94,6609.39
2018-07-04,6609.92,6775.17,6421.72,6694
2018-07-05,6694.09,6697.69,6457.07,6499.47
2018-07-06,6499.4,6631.36,6458.46,6588.47
2018-07-07,6589.55,6623.9,6518.23,6534.6
2018-07-08,6534.62,6808.33,6526.52,6755.49
2018-07-09,6755,6758.32,6671.72,6718.74
2018-07-10,6722.57,6802.03,6332.54,6376.55
2018-07-11,6376.72,6403.26,6280.2,6375.12
2018-07-12,6374.31,6396.41,6155.52,6175.94
2018-07-13,6175.11,6346.48,6086.88,6228.84
2018-07-14,6228.42,6330.32,6190.29,6274.93
2018-07-15,6274.44,6401.19,6245.76,6388.05
2018-07-16,6388.45,6718.51,6350.66,6679.49
2018-07-17,6678.61,7466.94,6675.39,7366.28
2018-07-18,7365.68,7589.99,7256.15,7339.2
2018-07-19,7339.26,7515.53,7290.44,7441.48
2018-07-20,7441.21,7675.06,7279.49,7300.46
2018-07-21,7300.66,7449.14,7221.15,7407.92
2018-07-22,7408.48,7565.74,7348.98,7373.14
2018-07-23,7374.54,7794.46,7346.54,7751.1
2018-07-24,7750.32,8345.44,7693.37,8251.04
2018-07-25,8249.16,8479.83,8063.18,8283.21
2018-07-26,8284.69,8311.38,7927.25,7969.73
2018-07-27,7971.87,8272.66,7806.26,8258.34
2018-07-28,8258.11,8262.72,8074.05,8172.06
2018-07-29,8171.94,8284.65,8124.28,8192.23
2018-07-30,8191.12,8269.9,7868.73,8132.75
2018-07-31,8133.18,8206.61,7676.07,7719.07
2018-08-01,7716.92,7779.94,7474.18,7484.43
2018-08-02,7484.32,7710.23,7450.5,7536.51
2018-08-03,7536.02,7575.83,7296.76,7416.71
2018-08-04,7416.95,7490.3,6940.6,6996.6
2018-08-05,6997.51,7091.93,6899.85,7061.19
2018-08-06,7060.41,7159.28,6870.69,6874.07
2018-08-07,6872.77,7149.4,6685.13,6751.77
2018-08-08,6755.6,6792.26,6134.29,6304.46
2018-08-09,6305.63,6630.43,6196.36,6593.6
2018-08-10,6593.59,6621.11,6030.47,6075.58
2018-08-11,6078.74,6482.77,6014.78,6394.49
2018-08-12,6394.68,6472.72,6180.48,6374.74
2018-08-13,6374.99,6540.68,6160.97,6251.52
2018-08-14,6251.58,6296.97,5900.11,6116.66
2018-08-15,6115.94,6609.08,6090.15,6413.64
2018-08-16,6413.63,6477.64,6223.04,6287.06
2018-08-17,6287.16,6559.66,6273.17,6524.58
2018-08-18,6524.45,6619.52,6323.41,6410.26
2018-08-19,6409.68,6559.85,6330.65,6514.69
2018-08-20,6514.23,6541.67,6404.35,6432.34
2018-08-21,6432.37,6505.77,6250.04,6469.49
2018-08-22,6469.12,6883.46,6316.57,6380.15
2018-08-23,6379.45,6493.77,6265.58,6486.26
2018-08-24,6485.91,6718.95,6485.69,6704.59
2018-08-25,6703.12,6807.12,6684.21,6717.96
2018-08-26,6717.49,6793.17,6592.58,6698.3
2018-08-27,6698.07,6779.35,6677.05,6745.97
2018-08-28,6746.62,7136.57,6738.63,7074.82
2018-08-29,7075.24,7135.91,6945.28,7071.78
2018-08-30,7071.07,7079.22,6820.57,6951.36
2018-08-31,6953.47,7094.97,6903.4,7039.96
2018-09-01,7040.46,7268.83,7015.32,7195.81
2018-09-02,7195.74,7376.88,7144.83,7285.9
2018-09-03,7286.55,7337.96,7205.04,7318.93
2018-09-04,7318.95,7417.19,7246.88,7368.93
2018-09-05,7368.98,7399.76,6886.75,6941.77
2018-09-06,6941.77,6941.77,6295.44,6447.34
2018-09-07,6447.32,6547.5,6347.15,6432.4
2018-09-08,6433.32,6480.57,6135.87,6197.73
2018-09-09,6197.63,6446.89,6161.83,6378.31
2018-09-10,6376.58,6378.11,6223.61,6309.54
2018-09-11,6309.34,6389.42,6199.58,6313.72
2018-09-12,6314.78,6357.57,6208.68,6311.54
2018-09-13,6311.54,6531.2,6311.54,6468.04
2018-09-14,6469.23,6588.84,6409.99,6516.89
2018-09-15,6516.33,6572.75,6473.72,6509.6
2018-09-16,6508.72,6533.73,6408.94,6502.68
2018-09-17,6502.08,6535.81,6218.12,6254.27
2018-09-18,6254.23,6393.24,6230.55,6334.9
2018-09-19,6335.14,6518.4,6131.69,6400.98
2018-09-20,6400.28,6524.53,6362.48,6524.53
2018-09-21,6521.42,6784.85,6483.82,6729.2
2018-09-22,6728.98,6833.21,6633.94,6695.81
2018-09-23,6695.76,6768.43,6664.55,6679.9
2018-09-24,6680.28,6717.38,6577.74,6621.2
2018-09-25,6620.78,6620.78,6335.21,6395.11
2018-09-26,6394.74,6543.77,6381.48,6476.34
2018-09-27,6476.27,6731.68,6434.94,6715.88
2018-09-28,6716.78,6803.95,6547.05,6648.31
2018-09-29,6648.74,6657.44,6474.64,6595.8
2018-09-30,6595.82,6741.89,6548.26,6582.18
2018-10-01,6581.9,6662.6,6515.27,6593.12
2018-10-02,6593.23,6618.78,6479.53,6551.55
2018-10-03,6551.54,6566.36,6429.75,6446.35
2018-10-04,6445.11,6620.79,6443.04,6580.36
2018-10-05,6578.77,6615.33,6548.24,6591.38
2018-10-06,6591.38,6668.39,6563.33,6593.99
2018-10-07,6593.99,6599.57,6535.26,6572.95
2018-10-08,6573.85,6697.92,6565.06,6660.6
2018-10-09,6660.55,6660.55,6589.53,6622.87
2018-10-10,6622.8,6640.03,6489.16,6567.21
2018-10-11,6566.91,6585.62,6173.1,6253.63
2018-10-12,6255.19,6296.39,6174.48,6265.96
2018-10-13,6265.47,6279.68,6234.62,6259.67
2018-10-14,6259.13,6340.05,6257.43,6295.93
2018-10-15,6295.93,7198.02,6245.02,6543.5
2018-10-16,6543.26,6722.6,6539.31,6576.06
2018-10-17,6576.38,6608.07,6511.64,6567.25
2018-10-18,6566.89,6615.95,6460.72,6462.77
2018-10-19,6462.45,6502.63,6445.06,6466
2018-10-20,6466.09,6514.55,6415.6,6434.05
2018-10-21,6433.44,6557.37,6412.02,6534.59
2018-10-22,6534.54,6534.54,6462.37,6483.39
2018-10-23,6483.27,6495.81,6439.33,6473.4
2018-10-24,6473.39,6535.28,6464.13,6491.72
2018-10-25,6491.56,6497.71,6442.15,6470.53
2018-10-26,6471.17,6512.59,6441.84,6457.67
2018-10-27,6457.75,6478.4,6446.69,6478.03
2018-10-28,6478.09,6483.21,6444.79,6460.29
2018-10-29,6460.29,6483.2,6283.45,6311.74
2018-10-30,6311.92,6340.66,6286.35,6309.74
2018-10-31,6307.46,6390.76,6241.91,6350.67
2018-11-01,6350.64,6401.52,6322.6,6379.51
2018-11-02,6379.51,6420.93,6371.65,6392.82
2018-11-03,6392.76,6398.09,6337.37,6374.94
2018-11-04,6375.18,6497.44,6351.92,6447.79
2018-11-05,6447.79,6475.7,6406.9,6432.91
2018-11-06,6432.78,6473.27,6412.63,6468.23
2018-11-07,6468.24,6562.71,6464.84,6529
2018-11-08,6529.03,6542.42,6439.67,6447.98
2018-11-09,6447.83,6457.97,6352.55,6377.54
2018-11-10,6377.55,6419.92,6375.62,6410.99
2018-11-11,6410.99,6413.48,6328.51,6366.41
2018-11-12,6366.41,6435.03,6351.02,6373.48
2018-11-13,6372.97,6388.95,6321.04,6356.86
2018-11-14,6356.67,6375.63,5473.44,5643.1
2018-11-15,5640.07,5766.94,5300.75,5561.46
2018-11-16,5561.46,5676.32,5488.18,5510.9
2018-11-17,5512.76,5601.87,5496.46,5562.52
2018-11-18,5562.43,5695.92,5558.29,5606.2
2018-11-19,5605.98,5615.83,4760.94,4868.9
2018-11-20,4865.75,4952.77,4172.85,4329.8
2018-11-21,4329.66,4687.82,4275.65,4525.68
2018-11-22,4526.18,4640.34,4412.12,4469.33
2018-11-23,4468.88,4468.88,4158.05,4380.58
2018-11-24,4378.95,4431.79,3741.95,3798.41
2018-11-25,3794.16,4164.78,3550.46,4001.87
2018-11-26,4002.03,4124.07,3599.09,3703.05
2018-11-27,3702.42,3877.61,3616.09,3847.37
2018-11-28,3847.95,4393.29,3808.82,4231.59
2018-11-29,4231.58,4436.14,4130.72,4262.34
2018-11-30,4261.54,4330.86,3918.77,3984.71
2018-12-01,3986.73,4305.35,3942.62,4232.94
2018-12-02,4232.76,4318.27,4077.82,4165.14
2018-12-03,4165.99,4186.72,3797.45,3881.88
2018-12-04,3882.47,4081.53,3775.06,3942.46
2018-12-05,3942.01,3961.16,3720.7,3752.88
2018-12-06,3750.65,3882.31,3603.2,3628.66
2018-12-07,3628.67,3669.92,3248.78,3426.29
2018-12-08,3429.3,3581.11,3297.66,3546.29
2018-12-09,3558.46,3708.99,3437.26,3589.11
2018-12-10,3585.13,3645.11,3417.95,3478.85
2018-12-11,3478.85,3483.58,3349.73,3414.69
2018-12-12,3414.71,3543.76,3380.55,3465.88
2018-12-13,3465.78,3493.44,3273.44,3307.65
2018-12-14,3308.11,3330.07,3181.64,3258.08
2018-12-15,3257.54,3271.73,3169.82,3244.81
2018-12-16,3244.81,3318.5,3224.56,3257.64
2018-12-17,3257.64,3637.56,3240.9,3526.68
2018-12-18,3526.54,3620.4,3481.64,3607.14
2018-12-19,3606.84,3968.75,3604.99,3769.17
2018-12-20,3768.76,4224.4,3713.68,4125.31
2018-12-21,4127.96,4247.01,3831.94,3883.73
2018-12-22,3883.75,3994.84,3849.55,3924.96
2018-12-23,3924.87,4115.73,3924.87,4013.32
2018-12-24,4013.32,4303.37,3993.51,4107.12
2018-12-25,4107.12,4114.91,3735.72,3820.89
2018-12-26,3820.89,3923.92,3747.01,3850.77
2018-12-27,3851.61,3888.82,3628.39,3647.5
2018-12-28,3646.39,4007.14,3623.27,3929.69
2018-12-29,3929.05,3990.28,3870.95,3958.46
2018-12-30,3957.68,4000.53,3761.56,3885.54
2018-12-31,3885.54,3904.22,3702.95,3743.77
2019-01-01,3743.61,3798.53,3697.27,3781.26
2019-01-02,3781.26,3972.17,3779.92,3960.95
2019-01-03,3960.85,3989.56,3778.85,3844.51
2019-01-04,3844.56,3901.15,3784.59,3870.7
2019-01-05,3870.72,3926.92,3841.13,3867.56
2019-01-06,3867.57,4143.19,3831.12,4089.15
2019-01-07,4089.24,4131.52,4002.17,4041.56
2019-01-08,4041.56,4155.22,3992.95,4049.27
2019-01-09,4049.09,4092.23,4013,4049.55
2019-01-10,4049.6,4084.92,3631.49,3666.46
2019-01-11,3666.75,3727.73,3635.52,3652.69
2019-01-12,3654.31,3692.05,3617.94,3667.87
2019-01-13,3667.66,3674.59,3528.26,3540.66
2019-01-14,3540.78,3747.18,3534.67,3700.97
2019-01-15,3700.97,3724.27,3596.53,3613.31
2019-01-16,3612.93,3701.07,3611.48,3618.01
2019-01-17,3618.33,3694.74,3587.34,3672.57
2019-01-18,3672.51,3690.23,3620.96,3648.2
2019-01-19,3648.61,3783.82,3643.02,3735.88
2019-01-20,3735.89,3752.61,3530.13,3578.57
2019-01-21,3578.17,3597.64,3536.34,3568.87
2019-01-22,3568.92,3635.42,3477.55,3605.45
2019-01-23,3605.23,3628.66,3544.6,3571.16
2019-01-24,3570.72,3616.05,3546.33,3591.9
2019-01-25,3591.78,3607.64,3541.34,3585.46
2019-01-26,3585.96,3674.9,3579.31,3606.2
2019-01-27,3606.2,3606.64,3512.36,3572.1
2019-01-28,3572.11,3572.37,3402.56,3453.18
2019-01-29,3453.6,3463.23,3369.91,3419.75
2019-01-30,3419.24,3488.67,3395.98,3471.01
2019-01-31,3471.21,3498.73,3422.83,3447.07
2019-02-01,3447.04,3478.17,3400.02,3467.76
2019-02-02,3467.43,3482.11,3441.85,3468.46
2019-02-03,3468.04,3519.09,3424.71,3436.99
2019-02-04,3437.1,3469.53,3429.21,3432.99
2019-02-05,3433.07,3445.82,3415.87,3440.29
2019-02-06,3440.22,3459.14,3363.36,3394.7
2019-02-07,3394.7,3406.28,3369.62,3378.24
2019-02-08,3378.27,3734.63,3364.19,3629.13
2019-02-09,3629.03,3673.57,3616.23,3647.02
2019-02-10,3647.84,3665.56,3612.02,3656.96
2019-02-11,3656.96,3688.59,3608.33,3618.21
2019-02-12,3618.21,3648.31,3576.11,3610.97
2019-02-13,3611.1,3655.69,3590.28,3601.79
2019-02-14,3601.56,3619.7,3568.69,3590.87
2019-02-15,3591.46,3639.22,3577.13,3591.89
2019-02-16,3591.89,3639.75,3588.06,3624.21
2019-02-17,3624.16,3704.6,3608.19,3650.95
2019-02-18,3651.17,3951.38,3648.81,3901.61
2019-02-19,3902.17,4010.82,3883.56,3942.03
2019-02-20,3942.3,3991.28,3899.23,3955.94
2019-02-21,3955.63,4024.54,3908.96,3925.91
2019-02-22,3926,3996.15,3918.09,3988.86
2019-02-23,3988.92,4192.1,3948.8,4153.65
2019-02-24,4154.06,4221.01,3755.44,3798.13
2019-02-25,3798.05,3884.8,3769.74,3848.89
2019-02-26,3848.89,3856.75,3793.68,3819.15
2019-02-27,3818.79,3851.43,3701.91,3804.79
2019-02-28,3804.81,3865.95,3801.23,3827.68
2019-03-01,3827.77,3865.98,3821.52,3836.75
2019-03-02,3836.16,3846.22,3792.29,3842.99
2019-03-03,3843.52,3853.28,3800.64,3809.5
2019-03-04,3809.5,3830.89,3705.16,3722.8
2019-03-05,3722.96,3893.35,3715.2,3863.66
2019-03-06,3862.74,3912.57,3839.39,3875.54
2019-03-07,3875.62,3911.57,3853.2,3888.46
2019-03-08,3889.55,3931.3,3807.2,3854.17
2019-03-09,3854.51,3974.98,3852.36,3929.49
2019-03-10,3929.49,3947.95,3898.25,3933.73
2019-03-11,3933.12,3941.93,3850.83,3880.38
2019-03-12,3880.42,3904.7,3827.56,3894.65
2019-03-13,3894.67,3898.25,3854.09,3877.17
2019-03-14,3877.06,3921.07,3828.52,3882.53
2019-03-15,3882.71,3935.01,3876.37,3921.25
2019-03-16,3921.28,4069.08,3920.73,4024.3
2019-03-17,4024.47,4029.39,3971.82,4003.04
2019-03-18,4003.07,4038.99,3964.48,3992.31
2019-03-19,3992.38,4031.77,3972.73,4017.6
2019-03-20,4017.2,4062.71,3995.89,4056.15
2019-03-21,4054.47,4081.26,3954.33,3999.55
2019-03-22,3999.55,4018.21,3984.15,4004.08
2019-03-23,4003.49,4019.26,3982.53,4002.65
2019-03-24,4001.84,4011.13,3970.4,3991.24
2019-03-25,3991.53,4005.28,3888.53,3923.32
2019-03-26,3923.19,3942.05,3902.55,3932.69
2019-03-27,3932.69,4049.02,3928.69,4032.15
2019-03-28,4031.84,4054.29,4015.07,4033.59
2019-03-29,4033.8,4122.89,4030.26,4103.18
2019-03-30,4102.88,4146.82,4068.77,4109.42
2019-03-31,4108.92,4129.43,4098.95,4112.79
2019-04-01,4112.79,4164,4084.95,4147.91
2019-04-02,4147.47,4854.35,4147.09,4804.36
2019-04-03,4803.85,5334.14,4803.43,5180.17
2019-04-04,5182.17,5259.5,4800.41,4939.49
2019-04-05,4938.31,5068.63,4887.29,5019.39
2019-04-06,5019.76,5239.01,4941.2,5023.31
2019-04-07,5022.99,5189.7,5021.85,5169.48
2019-04-08,5170.12,5345.19,5142.75,5284.83
2019-04-09,5285.32,5315.66,5161.1,5227.49
2019-04-10,5227.38,5455.35,5172.5,5298.01
2019-04-11,5297.48,5343.66,4990.8,5032.62
2019-04-12,5033,5118.22,4930.2,5069.53
2019-04-13,5069.52,5128.96,5056.19,5088.84
2019-04-14,5087.83,5121.29,5031.53,5113.97
2019-04-15,5114.81,5193.98,4976.26,5029.64
2019-04-16,5029.63,5231.29,5029.27,5213.61
2019-04-17,5212.54,5270.29,5193.66,5243.88
2019-04-18,5244.04,5317.77,5215.34,5301.93
2019-04-19,5302.08,5348.04,5213.04,5279.29
2019-04-20,5279.78,5366.19,5261.27,5284.69
2019-04-21,5286.97,5348.43,5234.77,5283.02
2019-04-22,5282.68,5443.18,5267.2,5396.25
2019-04-23,5395.06,5623.41,5372.21,5578.81
2019-04-24,5578.81,5631.94,5391.24,5445.35
2019-04-25,5444.83,5521.35,5283.44,5404.27
2019-04-26,5406.61,5406.61,5038,5213.78
2019-04-27,5213.6,5281.02,5192.68,5267.63
2019-04-28,5267.94,5313.7,5220.02,5257.42
2019-04-29,5257.48,5299.33,5168.84,5212.71
2019-04-30,5212.19,5371.96,5190.2,5349.44
2019-05-01,5349.69,5416.74,5342.38,5372.51
2019-05-02,5369.82,5530.35,5362.9,5509.88
2019-05-03,5504.23,5891.05,5487.51,5792.81
2019-05-04,5792.36,5898.35,5600.8,5849.07
2019-05-05,5852.03,5899.08,5713.68,5825.53
2019-05-06,5825.21,5828.07,5646.59,5758.68
2019-05-07,5759.1,6029.77,5749.69,5954.68
2019-05-08,5953.95,5971.44,5754.12,5957.23
2019-05-09,5957.71,6161.83,5912.79,6141.17
2019-05-10,6141.78,6443.65,6133.31,6348.83
2019-05-11,6348.88,7051.17,6347.05,7051.17
2019-05-12,7054.52,7540.8,6796.32,7142.78
2019-05-13,7145.1,8118.53,6873.58,8077.11
2019-05-14,8079.75,8295.67,7603.81,7774.89
2019-05-15,7775.02,8240.73,7775.02,8134.39
2019-05-16,8133.73,8352.25,7685.67,7926.75
2019-05-17,7918.43,7942.24,6704.57,7264.88
2019-05-18,7268.4,7491.37,7213.75,7340.6
2019-05-19,7338.55,8130.77,7253.13,8077.95
2019-05-20,8079.85,8279.58,7594.59,8047.58
2019-05-21,8044.03,8101.13,7818.98,7994.35
2019-05-22,7995.01,8030.77,7640.21,7676.98
2019-05-23,7679.27,7942.25,7482.87,7911.74
2019-05-24,7913.91,8164.84,7801.72,8060.44
2019-05-25,8058.01,8140.18,7938.87,8044.14
2019-05-26,8044.14,8732.34,7897.05,8644.8
2019-05-27,8646.55,8928.68,8634.16,8806.4
2019-05-28,8808.92,8841.57,8565.29,8709.45
2019-05-29,8709.87,8758.32,8447.27,8661.44
2019-05-30,8663.44,9060.05,8034.15,8217.67
2019-05-31,8213.54,8540.97,8119.27,8524.49
2019-06-01,8524.89,8618.56,8459.97,8594.26
2019-06-02,8594.26,8818.23,8529.98,8708.33
2019-06-03,8709.48,8756.02,8343.92,8480.49
2019-06-04,8481.47,8487,7505.24,7505.24
2019-06-05,7475.73,7916.5,7471.1,7742.17
2019-06-06,7740.46,7871.2,7471.52,7743.92
2019-06-07,7743.13,8127.63,7714.1,7957.43
2019-06-08,7956.18,8065,7798.54,7894.64
2019-06-09,7895.4,7971.8,7620.53,7649.37
2019-06-10,7647.42,8056.47,7534.41,7949.75
2019-06-11,7950.37,8049.41,7724.91,7914.06
2019-06-12,7914.3,8245.53,7834.98,8153.87
2019-06-13,8153.81,8324.65,8063.38,8311.87
2019-06-14,8312.73,8636.56,8180.75,8615.91
2019-06-15,8615.09,8902.8,8615.09,8822.41
2019-06-16,8822.4,9371.82,8801.8,9037.88
2019-06-17,9041.2,9413.55,8969.73,9289.34
2019-06-18,9289.17,9465.6,8942.66,9012.33
2019-06-19,9014.44,9227.21,8956.26,9227.21
2019-06-20,9229.34,9599.94,9221.28,9522.08
2019-06-21,9522.81,9944.32,9470.3,9927.71
2019-06-22,9927.23,11203.9,9868.08,10594.33
2019-06-23,10593.13,11283.03,10397.57,10949.62
2019-06-24,10939.94,11100.15,10559.29,10939.91
2019-06-25,10939.96,11566.64,10939.96,11551.72
2019-06-26,11548.2,13823.31,11522.58,12431.82
2019-06-27,12442.4,13312.24,10338.29,10747.18
2019-06-28,10749.54,12385.46,10748.38,12273.44
2019-06-29,12276.71,12429.24,11356.99,11944.37
2019-06-30,11943.97,12199.97,10863.7,11285.58
2019-07-01,11282.09,11282.64,10006.84,10583.24
2019-07-02,10572.29,10926.06,9682.19,10689.5
2019-07-03,10691.39,11565.89,10675.88,11409.87
2019-07-04,11408.44,12054.87,11396.62,11583.04
2019-07-05,11579.25,11706.39,10793.58,11078.43
2019-07-06,11081.97,11705.98,10850.33,11194.36
2019-07-07,11192.76,11601.69,11072.82,11538.22
2019-07-08,11538.89,12340.65,11339.3,12339.49
2019-07-09,12336.14,12804.58,12123.61,12554.47
2019-07-10,12556.98,13176.59,11572.61,11935.36
2019-07-11,11938.83,12189.42,11015.25,11302.49
2019-07-12,11299.94,11931.89,11102.86,11800.49
2019-07-13,11798.63,11851.85,10830.75,11024.69
2019-07-14,11026.64,11446.97,10332.21,10664.41
2019-07-15,10662.56,10943.73,9884.77,10749.7
2019-07-16,10757.05,11066.3,9401.02,9644.97
2019-07-17,9644.23,9974.82,9092.37,9824.56
2019-07-18,9826.58,10717.93,9295.15,10595.82
2019-07-19,10594.57,10775.2,10139.45,10563.13
2019-07-20,10567.43,11016.64,10399.94,10957.97
2019-07-21,10959.19,11084.81,10335.7,10568.3
2019-07-22,10568.8,10676.6,10079.55,10270.43
2019-07-23,10273.87,10348.61,9875.24,10125.24
2019-07-24,10123.99,10142.45,9539.69,9778.32
2019-07-25,9776.86,10183.78,9745.74,9899.11
2019-07-26,9898.23,9948.97,9668.59,9835.18
2019-07-27,9835.21,10191.65,9310.78,9508.68
2019-07-28,9508.79,9559.71,9351.51,9456.99
2019-07-29,9456.51,9710.61,9140.86,9504.78
2019-07-30,9505,9749.2,9394.72,9586.19
2019-07-31,9588.11,10117.81,9579.68,10050.3
2019-08-01,10049.75,10487.26,9895.78,10419.32
2019-08-02,10419.1,10666.38,10343,10427.8
2019-08-03,10425.89,10914.75,10419.71,10835.25
2019-08-04,10836.79,11032.27,10572.24,10966.15
2019-08-05,10964.54,11944.18,10952.14,11736.44
2019-08-06,11736.95,12316.04,11314.97,11373.26
2019-08-07,11369.96,12132.32,11224.74,11938.18
2019-08-08,11935.48,12018.14,11509.97,11720.99
2019-08-09,11722.26,12039.04,11676.67,11918.17
2019-08-10,11918.51,11971.2,11241.05,11303.51
2019-08-11,11304.26,11553.56,11119.32,11504.72
2019-08-12,11503.71,11583.27,11245.3,11393.48
2019-08-13,11393.42,11439.06,10769.29,10874.59
2019-08-14,10869.82,10902.91,10076.76,10193.32
2019-08-15,10195.32,10414.14,9501.36,10341.03
2019-08-16,10341.26,10543.94,9768.49,10447.58
2019-08-17,10447.68,10485.77,10015.93,10142.96
2019-08-18,10142.78,10512.08,10079.8,10424.56
2019-08-19,10426.84,10827.2,10279.3,10722.74
2019-08-20,10720.02,10955.86,10577.44,10796.13
2019-08-21,10798.93,10846.39,9873.79,10054.33
2019-08-22,10045.46,10230.3,9778.77,10141.55
2019-08-23,10143.6,10460.13,10055.72,10423.89
2019-08-24,10423.87,10457.4,9914.17,10076.27
2019-08-25,10075.87,10352.1,9907.2,10003.61
2019-08-26,10003.38,10625.62,9981.22,10269.92
2019-08-27,10270.92,10397.64,10040.24,10144.06
2019-08-28,10142.45,10280.49,9605.2,9728.75
2019-08-29,9729.56,9755.2,9346.83,9519.55
2019-08-30,9520.82,9698.3,9374.97,9598.6
2019-08-31,9598.57,9676.28,9512.24,9676.28
2019-09-01,9677.54,9778.03,9579.76,9711.99
2019-09-02,9711.92,10452.41,9711.92,10398.65
2019-09-03,10400.95,10769.58,10297.5,10698.73
2019-09-04,10698.59,10822.14,10394.08,10666.9
2019-09-05,10668.95,10695.84,10478.39,10559.76
2019-09-06,10560.67,10937.22,10231.35,10426.52
2019-09-07,10426.59,10572.76,10299.96,10531.56
2019-09-08,10529.25,10594.66,10294.86,10423.59
2019-09-09,10427.06,10508,10109.89,10289.21
2019-09-10,10289.34,10394.17,9969.85,10106.37
2019-09-11,10107.94,10238.04,9882.05,10174.91
2019-09-12,10171.65,10421.94,10057.8,10418.88
2019-09-13,10417.46,10469.84,10189.43,10308.09
2019-09-14,10308.25,10454.34,10265.07,10398.89
2019-09-15,10401,10423.85,10279.9,10305.35
2019-09-16,10305.65,10402.82,10107.56,10317.11
2019-09-17,10316.88,10353.42,10154.88,10225.39
2019-09-18,10224.73,10271.33,10112.5,10201.58
2019-09-19,10202.06,10364.92,9644.28,10276.53
2019-09-20,10277.56,10319.39,10073.69,10119.81
2019-09-21,10117.67,10192.25,9950.86,9991.75
2019-09-22,9989.46,10092.58,9872,10065.91
2019-09-23,10067.38,10095.79,9667.63,9757.05
2019-09-24,9754.21,9785.97,8133.82,8671.45
2019-09-25,8668.78,8797.54,8255.81,8600.7
2019-09-26,8602.19,8660.9,7757.63,8091.29
2019-09-27,8093.12,8302.48,7888.51,8243.04
2019-09-28,8244.87,8279.06,8049.12,8157.31
2019-09-29,8157.53,8339.86,7946.01,8060.48
2019-09-30,8059.37,8371.61,8059.37,8268.58
2019-10-01,8264.58,8534.94,8212.25,8326.56
2019-10-02,8326.83,8386.24,8187.44,8281.99
2019-10-03,8282.03,8433.03,8107.66,8196.2
2019-10-04,8195.6,8293.41,8025.8,8194.08
2019-10-05,8193.78,8231.62,8053.43,8170.43
2019-10-06,8169.84,8232.25,7843.53,7941.72
2019-10-07,7941.49,8317.48,7799.75,8213.83
2019-10-08,8213.52,8354.18,8128.58,8174.53
2019-10-09,8176.25,8689.94,8137.04,8568.1
2019-10-10,8568.55,8670.89,8470.1,8576.18
2019-10-11,8579.5,8814.95,8301.37,8327.47
2019-10-12,8327.54,8439.01,8263.71,8360.29
2019-10-13,8359.02,8487.6,8313.25,8463.4
2019-10-14,8321.64,8405.14,8229.2,8323.84
2019-10-15,8323.57,8425.43,8123.82,8164.06
2019-10-16,8162.64,8193.35,7951.8,7989.45
2019-10-17,7988.52,8140.67,7949.65,8086.75
2019-10-18,8086.55,8156.55,7854.73,7964.82
2019-10-19,7965.31,8099.09,7919.83,7974.74
2019-10-20,7973.65,8325.14,7911.67,8221.14
2019-10-21,8219.25,8350.88,8178.41,8229.02
2019-10-22,8225.23,8318.12,8105.38,8114.43
2019-10-23,8114.33,8132.5,7344.89,7447.06
2019-10-24,7446.9,7522.51,7372.01,7463.66
2019-10-25,7463.13,8773.37,7434.96,8607.31
2019-10-26,8607,10361.46,8600.05,9251.98
2019-10-27,9252.08,9798.36,9116.78,9573.31
2019-10-28,9582.56,9934.04,9284.78,9466.28
2019-10-29,9469.34,9561.44,9126.09,9465.96
2019-10-30,9464,9472.82,9018.3,9233.63
2019-10-31,9234.32,9415.03,8975.69,9135.13
2019-11-01,9134.76,9306.63,9072.95,9233.38
2019-11-02,9226.02,9397.1,9223.46,9315.29
2019-11-03,9317.79,9395.89,9109.24,9233.74
2019-11-04,9237.35,9564.96,9141.34,9400.36
2019-11-05,9400.37,9491.65,9200.9,9345.21
2019-11-06,9344.77,9451.8,9270.06,9349.77
2019-11-07,9346.78,9382.63,9117.77,9238.33
2019-11-08,9236.09,9263.73,8687.33,8815.92
2019-11-09,8814.84,8880.5,8736.14,8829.71
2019-11-10,8817.62,9124.75,8768.47,9099.11
2019-11-11,9099.31,9111.84,8626.18,8722.51
2019-11-12,8720.82,8861.9,8581.12,8779.07
2019-11-13,8780.44,8840.06,8721.81,8765.9
2019-11-14,8762.03,8810.64,8585.67,8660.65
2019-11-15,8660.49,8770.54,8399.72,8514.21
2019-11-16,8515.77,8538.84,8442.97,8495.65
2019-11-17,8492.54,8636.73,8421.02,8555.82
2019-11-18,8555.74,8562.32,8080.38,8218.78
2019-11-19,8218.4,8223.51,8026.91,8142.49
2019-11-20,8142.49,8229.45,8047.88,8098.46
2019-11-21,8099.22,8132.88,7438.61,7631.28
2019-11-22,7631.77,7716.87,6820.53,7282.83
2019-11-23,7279.19,7364.23,7120.71,7327.02
2019-11-24,7326.9,7361.87,6961.43,7057.84
2019-11-25,7056.29,7381.46,6561.6,7224.46
2019-11-26,7224.28,7344.1,7044.7,7158.25
2019-11-27,7158.25,7676.96,6877.2,7553.51
2019-11-28,7555.17,7661.6,7397.3,7403.75
2019-11-29,7409.11,7865.56,7390.13,7751.55
2019-11-30,7753.52,7817.61,7487.7,7567.19
2019-12-01,7567.21,7583.84,7262.64,7404.17
2019-12-02,7404.15,7464.66,7194.44,7350.45
2019-12-03,7350.6,7418.23,7261.09,7329.16
2019-12-04,7330.14,7757.98,7113.67,7225.78
2019-12-05,7226.27,7488.87,7176.53,7413.96
2019-12-06,7414.15,7601.2,7332.85,7537.64
2019-12-07,7536.85,7622.23,7503.38,7547.91
2019-12-08,7548.58,7592.33,7415.46,7573.33
2019-12-09,7573.03,7661.31,7306.74,7349.5
2019-12-10,7349.47,7395.22,7184.23,7252.82
2019-12-11,7254.76,7284.7,7171.02,7213.93
2019-12-12,7216.06,7301.13,7108.74,7203.83
2019-12-13,7204.54,7305.37,7198.36,7250.99
2019-12-14,7251.42,7283.58,7033.63,7104.33
2019-12-15,7104.31,7185.62,7030.7,7137.45
2019-12-16,7137.11,7171.09,6870.63,6907.15
2019-12-17,6906.22,6947.27,6596.57,6605.21
2019-12-18,6602.64,7367.05,6451.5,7367.05
2019-12-19,7405.42,7437.66,7057.85,7164.23
2019-12-20,7162.72,7233.9,7094.54,7211.61
2019-12-21,7209.95,7213.06,7136.49,7167.17
2019-12-22,7167.25,7467.14,7143.26,7416.47
2019-12-23,7416.44,7694.44,7277.21,7301.59
2019-12-24,7299.85,7427.74,7175.58,7252.81
2019-12-25,7252.22,7280.05,7132.3,7227.48
2019-12-26,7223.59,7439.62,7168.87,7209.49
2019-12-27,7208.42,7267.46,7087.77,7249.33
2019-12-28,7249.92,7367.72,7239.5,7326.37
2019-12-29,7325.35,7539.04,7295.5,7410.48
2019-12-30,7411.01,7431.7,7224.87,7272.75
2019-12-31,7273.15,7323.56,7141.98,7189.43
2020-01-01,7187.75,7267.08,7171.82,7211.21
2020-01-02,7203.58,7223.02,6946.18,6979.07
2020-01-03,6979.05,7405.41,6882.62,7307.53
2020-01-04,7307.18,7401.68,7280.41,7353.26
2020-01-05,7354.24,7500.83,7332.62,7355.25
2020-01-06,7355.62,7754.75,7336.35,7727.39
2020-01-07,7722.68,8190.89,7722.68,8041.89
2020-01-08,8042.88,8457.01,7877.96,8068.51
2020-01-09,8068.6,8109.66,7758.39,7810.08
2020-01-10,7811.42,8135.78,7687.55,8089.62
2020-01-11,8090.56,8285.98,8013.96,8076.12
2020-01-12,8075.96,8183.69,7972.39,8155.78
2020-01-13,8157.01,8198.97,8057.58,8122.41
2020-01-14,8121.36,8836.94,8104.42,8746.92
2020-01-15,8738.07,8889.37,8561.03,8846.82
2020-01-16,8845.06,8857.83,8587.4,8714.37
2020-01-17,8714.08,9003.43,8665.99,8924.98
2020-01-18,8923.42,8973.95,8807.88,8941.74
2020-01-19,8941.86,9176.7,8510.61,8636.45
2020-01-20,8636.3,8737.31,8525,8653.09
2020-01-21,8644.38,8767.61,8480.43,8714.72
2020-01-22,8713.23,8791.54,8585.37,8647.09
2020-01-23,8647.1,8678.87,8292.12,8402.73
2020-01-24,8404.32,8515.44,8226,8455.93
2020-01-25,8456.61,8462.65,8263.42,8349.44
2020-01-26,8348.03,8603.81,8303.15,8564.38
2020-01-27,8565.12,8987.48,8563.12,8896.41
2020-01-28,8898.06,9181.73,8881.61,9142.73
2020-01-29,9143.95,9429.13,9117.96,9329.68
2020-01-30,9329.72,9559.04,9193.82,9554.64
2020-01-31,9557.75,9559.58,9211.87,9397.12
2020-02-01,9398.1,9455.61,9296.87,9372.78
2020-02-02,9372.66,9469.59,9171.78,9392.97
2020-02-03,9391.22,9602.18,9234.61,9273.94
2020-02-04,9273.29,9346.98,9089.96,9180.92
2020-02-05,9180.71,9745.63,9156.8,9622.73
2020-02-06,9622.81,9852.31,9534.37,9677.88
2020-02-07,9676.87,9863.62,9657.23,9792.8
2020-02-08,9792.65,9935.87,9665.42,9914.39
2020-02-09,9913.46,10161.31,9882.13,10113.05
2020-02-10,10112.27,10185.09,9762.66,9839.53
2020-02-11,9841.06,10365.64,9716.75,10229.9
2020-02-12,10229.2,10470.1,10215.39,10353.92
2020-02-13,10353.26,10499.54,10091.46,10214.64
2020-02-14,10213.8,10387.37,10105.65,10364.16
2020-02-15,10363.47,10387.79,9797.13,9924.81
2020-02-16,9924.8,10041.16,9640.84,9872.16
2020-02-17,9875.03,9993.59,9485.68,9636.3
2020-02-18,9634.52,10270.79,9620.75,10181.53
2020-02-19,10180.67,10296.28,9355.55,9691.02
2020-02-20,9690.09,9694.5,9410.69,9628.55
2020-02-21,9628.61,9765.34,9582.36,9677.7
2020-02-22,9676.69,9726.73,9578.48,9686.48
2020-02-23,9683.12,10010.19,9669.93,9925.76
2020-02-24,9930.66,10018.69,9497.04,9650.26
2020-02-25,9649.06,9680.98,9263.9,9388.37
2020-02-26,9390.18,9390.43,8658.66,8798.22
2020-02-27,8795.68,8977.62,8542.53,8805.91
2020-02-28,8797.66,8907.9,8455.92,8796.17
2020-02-29,8802.25,8818.59,8608.11,8655.5
2020-03-01,8655.77,8775.71,8445.67,8565.58
2020-03-02,8568.82,8980.82,8523.16,8941.39
2020-03-03,8936.53,8939.89,8680.59,8792.87
2020-03-04,8791.22,8862.82,8695.82,8765.47
2020-03-05,8766.56,9178.43,8761.22,9082.8
2020-03-06,9082.49,9183.12,9015.72,9125.93
2020-03-07,9126.1,9216.51,8882.64,8945.86
2020-03-08,8945.78,8947.83,8191.88,8194.35
2020-03-09,8191.99,8264.82,7665.32,7894.55
2020-03-10,7891.96,8164.18,7761.11,7972.45
2020-03-11,7971.21,7996.26,7618.7,7983.29
2020-03-12,7976.18,7989.08,5587.25,5804.22
2020-03-13,5808.99,5982.35,3953.37,5664.34
2020-03-14,5663.01,5762,5204.51,5292.41
2020-03-15,5286.12,5951.2,5073.58,5362.88
2020-03-16,5359.53,5448.2,4459.22,4945.02
2020-03-17,4947.51,5561.43,4927.98,5464
2020-03-18,5460.8,5463.67,5033.38,5364.51
2020-03-19,5365.51,6415.91,5268.33,6300.94
2020-03-20,6303.2,6921.28,5703.98,6192.29
2020-03-21,6171.54,6459.65,5894.61,6175.12
2020-03-22,6175.12,6410.9,5812.01,5884.5
2020-03-23,5884.5,6614.56,5703.64,6469.2
2020-03-24,6469.2,6837.2,6408.98,6786.43
2020-03-25,6786.04,6978.39,6483.69,6676.03
2020-03-26,6699.66,6792.73,6543.99,6726.52
2020-03-27,6723.31,6871.65,6596.34,6685.97
2020-03-28,6684.98,6684.98,6061.28,6229.96
2020-03-29,6229.08,6286.87,5883.82,5914.65
2020-03-30,5912.8,6578.29,5874.97,6545.53
2020-03-31,6547.7,6614.08,6354.48,6458.95
2020-04-01,6458.39,6468.38,6171.55,6376.67
2020-04-02,6376.75,7234.86,6375.42,6844.73
2020-04-03,6841.24,7043.56,6622.82,6738.37
2020-04-04,6739.64,6993.65,6681.78,6878.93
2020-04-05,6881.11,6909.72,6692.04,6768.56
2020-04-06,6768.65,7318.78,6768.65,7299.91
2020-04-07,7300.54,7460.26,7085.64,7185.13
2020-04-08,7179.96,7423.58,7141.61,7334.54
2020-04-09,7335.15,7395.43,7129.89,7317.62
2020-04-10,7319.58,7322.25,6764.19,6906.14
2020-04-11,6905.45,6955.1,6786.12,6874.99
2020-04-12,6876.99,7199.78,6802.88,7131.02
2020-04-13,7131.09,7150.12,6614.68,6843.65
2020-04-14,6845.05,6985.52,6777.86,6861.58
2020-04-15,6863.38,6937.04,6697.41,6743.5
2020-04-16,6743.32,7127.56,6493.53,7081.18
2020-04-17,7081.09,7203.68,7006.2,7052.61
2020-04-18,7052.53,7274.71,7034.38,7230.87
2020-04-19,7230.93,7301.82,7072.6,7205.19
2020-04-20,7201.81,7222.48,6772.31,6861.8
2020-04-21,6860.42,6947.49,6781.25,6902.73
2020-04-22,6903.1,7164.36,6831.66,7102.66
2020-04-23,7102.77,7726.49,7041.81,7602.88
2020-04-24,7600.1,7606.41,7414.86,7515.94
2020-04-25,7512.97,7704.84,7448.13,7532.02
2020-04-26,7532.02,7705.21,7506.62,7633.16
2020-04-27,7634.78,7789.4,7590.36,7739.75
2020-04-28,7737.57,7790.82,7673.01,7739.38
2020-04-29,7737.76,8945.91,7730.76,8868.36
2020-04-30,8867.43,9457.54,8420.88,8766.97
2020-05-01,8764.21,9062.29,8601.95,8847.22
2020-05-02,8849.01,9012.25,8777.69,8938.49
2020-05-03,8936.93,9197.17,8739.56,8862.19
2020-05-04,8860.19,8962.39,8539.04,8952.17
2020-05-05,8952.3,9116.41,8785.25,8972.98
2020-05-06,8972.68,9391.01,8924.47,9293.71
2020-05-07,9293.51,9961.47,9059.18,9883.19
2020-05-08,9882.01,10061.09,9735.91,10011.07
2020-05-09,10012.92,10015.45,9528.95,9607.33
2020-05-10,9607.63,9673.92,8258.16,8726.03
2020-05-11,8724.44,9155.83,8242.53,8577.82
2020-05-12,8578.46,8974.82,8513.19,8751.62
2020-05-13,8752.91,9406.17,8752.91,9363.05
2020-05-14,9361.78,9933.09,9266.52,9781.12
2020-05-15,9779.64,9844.79,9163.55,9414.35
2020-05-16,9416.91,9575.1,9227.65,9383.53
2020-05-17,9383.32,9883.98,9337.27,9761.77
2020-05-18,9761.56,9940.71,9502.07,9683.76
2020-05-19,9683.67,9890.48,9480.02,9684.7
2020-05-20,9684.32,9828.37,9329.82,9549.99
2020-05-21,9549.93,9567.93,8812.57,9101.77
2020-05-22,9101.83,9262.58,8940.3,9206.07
2020-05-23,9206.26,9310.17,9102.99,9228.94
2020-05-24,9229.05,9306.63,8867.25,9055.57
2020-05-25,9058.01,9070.08,8642.57,8900.96
2020-05-26,8901.53,9011.05,8706.55,8849.2
2020-05-27,8847.34,9217.09,8807.15,9066.03
2020-05-28,9066.34,9523.58,9062.74,9439.21
2020-05-29,9437.5,9616.93,9346.95,9390.35
2020-05-30,9392.19,9578.52,9340.6,9482.7
2020-05-31,9483.14,9735.11,9429.2,9463.44
2020-06-01,9463.42,9688.51,9403.63,9651.85
2020-06-02,9653.98,10357.59,9349.83,9523.86
2020-06-03,9523.87,9627.65,9416.19,9583.71
2020-06-04,9584.53,9872.94,9471.57,9777.66
2020-06-05,9777.92,9852.65,9620.66,9660.67
2020-06-06,9662.82,9728.34,9537.12,9695.04
2020-06-07,9695.2,9802.38,9412.28,9710.79
2020-06-08,9710.78,9788.91,9660.75,9712.79
2020-06-09,9711.31,9877.63,9611.18,9822.91
2020-06-10,9822.93,9987.37,9709.39,9854.13
2020-06-11,9855.21,9969.57,9095.89,9345.62
2020-06-12,9345.14,9547.68,9239.78,9439.64
2020-06-13,9440.23,9490.34,9366.23,9424.64
2020-06-14,9425.01,9479.33,9316.89,9338.84
2020-06-15,9340.39,9497.16,8910.56,9437.14
2020-06-16,9437.39,9581.72,9383.65,9507.66
2020-06-17,9506.29,9548.34,9247.23,9409.8
2020-06-18,9409.64,9479.47,9277.98,9366.75
2020-06-19,9365.07,9419.9,9239.6,9324.16
2020-06-20,9324.94,9352.55,9184.09,9339.38
2020-06-21,9339.37,9413.96,9305.03,9328.56
2020-06-22,9328.63,9773.86,9282.75,9690.25
2020-06-23,9689.26,9720.09,9581.07,9649.24
2020-06-24,9648.6,9664.38,9209,9265.66
2020-06-25,9265.2,9328.81,9005.67,9301.57
2020-06-26,9301.64,9309.94,9045.11,9174.83
2020-06-27,9175.15,9199.68,8869.99,9059.03
2020-06-28,9059.18,9189.3,8946.54,9124.24
2020-06-29,9124.89,9233.84,9027.25,9212.15
2020-06-30,9210.95,9232.66,9069.9,9163.73
2020-07-01,9163.43,9299.29,9097.79,9243.83
2020-07-02,9243.86,9267.63,8956.73,9152.23
2020-07-03,9141.33,9144.84,9059.2,9100.2
2020-07-04,9100.65,9195.86,9050.04,9125.2
2020-07-05,9125.2,9152.86,8941.13,9040.05
2020-07-06,9039.31,9350.81,9039.31,9284.22
2020-07-07,9280.13,9375.67,9209.21,9248.45
2020-07-08,9246.92,9471.56,9236.79,9434.18
2020-07-09,9435.22,9468.36,9171.47,9253.41
2020-07-10,9253.93,9255.25,9128.87,9216.37
2020-07-11,9219.61,9316.6,9189.03,9224.6
2020-07-12,9224.59,9337.38,9170.74,9268.97
2020-07-13,9269.46,9336.28,9203.01,9249.25
2020-07-14,9249.72,9279.27,9118.97,9244.36
2020-07-15,9243.73,9272.45,9162.02,9226.55
2020-07-16,9227.16,9230.14,9037.89,9126.44
2020-07-17,9126.58,9181.93,9083.27,9154.51
2020-07-18,9150.16,9204.08,9126.06,9181.37
2020-07-19,9180.47,9186.03,9114,9175.75
2020-07-20,9175.91,9232.19,9137.99,9174.18
2020-07-21,9174.11,9430.5,9161.04,9383.57
2020-07-22,9381.85,9394.34,9293.14,9381.49
2020-07-23,9383.91,9673.04,9376.78,9618.66
2020-07-24,9619.07,9647.78,9477.32,9611.2
2020-07-25,9610.84,9743.85,9531.02,9701.95
2020-07-26,9702.46,10138.4,9659.72,9888.63
2020-07-27,9889.27,11132.18,9889.27,11125.84
2020-07-28,11123.26,11395.93,10604.47,11025.21
2020-07-29,11023.71,11348.34,10857.62,11297.07
2020-07-30,11301.23,11319.1,10876.92,11097.26
2020-07-31,11097.37,11453.32,10984.01,11397.67
2020-08-01,11398.61,11873.91,11241.8,11772.18
2020-08-02,11772.95,12105.74,10727.87,11136.86
2020-08-03,11137.39,11475.67,10955.56,11222.75
2020-08-04,11183.99,11414.43,11028.59,11241.09
2020-08-05,11236.37,11790.62,11105.46,11779.11
2020-08-06,11779.73,11909.57,11560.63,11747.23
2020-08-07,11747.95,11911.96,11354.17,11602.49
2020-08-08,11603.79,11810.8,11536.43,11765.41
2020-08-09,11765.16,11802.09,11535.28,11648.47
2020-08-10,11650.41,12072.04,11644.6,11839.01
2020-08-11,11843.57,11939.88,11141.58,11302.45
2020-08-12,11299.68,11620.8,11188.04,11509.61
2020-08-13,11509.1,11733.09,11286.85,11697.92
2020-08-14,11697.43,11861.68,11660.86,11773.93
2020-08-15,11773.56,11981.62,11701.3,11914.37
2020-08-16,11914.82,11974.85,11702,11862.5
2020-08-17,11861.52,12474.48,11776.08,12334.97
2020-08-18,12335.31,12412.6,11863.74,12075.01
2020-08-19,12075.45,12086.86,11598.2,11715.81
2020-08-20,11715.01,11888.57,11680.89,11832.75
2020-08-21,11833.81,11882.15,11497.77,11527.98
2020-08-22,11534.38,11681.18,11379.9,11673.58
2020-08-23,11673.03,11712.15,11521.89,11671.43
2020-08-24,11671.41,11827.45,11597.69,11759.31
2020-08-25,11759.34,11786.73,11134.75,11312.77
2020-08-26,11311.49,11541.3,11261.21,11476.86
2020-08-27,11476.9,11590.33,11139.28,11289.13
2020-08-28,11291.76,11553.2,11270.53,11500.96
2020-08-29,11498.69,11585.9,11436.44,11513.18
2020-08-30,11513.72,11687.99,11470.24,11607.49
2020-08-31,11609.02,11775.01,11586.39,11638.05
2020-09-01,11639.59,12054.87,11544.94,12027.41
2020-09-02,12027.43,12049.18,11220.42,11387.62
2020-09-03,11387.62,11466.31,10514.61,10734.17
2020-09-04,10734.17,10760.16,10021.07,10561.84
2020-09-05,10563.61,10594.72,9884.21,10094.72
2020-09-06,10097.16,10359.63,9978.55,10329.05
2020-09-07,10329.34,10354.48,9895.68,10160.76
2020-09-08,10160.75,10443.72,9939.63,10029.85
2020-09-09,10030.92,10348.46,9868.75,10245.04
2020-09-10,10245.6,10493.28,10191.51,10351.49
2020-09-11,10351.05,10380.78,10216.81,10349.1
2020-09-12,10349.01,10486.58,10282.86,10455.56
2020-09-13,10457.59,10578.85,10224.91,10303.68
2020-09-14,10303.93,10753.06,10259.71,10717.92
2020-09-15,10719.68,10933.94,10630.69,10857.6
2020-09-16,10862.81,11094.01,10673.01,11018.82
2020-09-17,11020.09,11045.98,10760.07,10962.52
2020-09-18,10962.27,11039.97,10824.81,10942.16
2020-09-19,10943.96,11172.12,10897.69,11054.46
2020-09-20,11054.36,11088.34,10778.79,10876.56
2020-09-21,10876.09,10991.97,10346.94,10508.75
2020-09-22,10508.45,10576.61,10366.89,10550.98
2020-09-23,10552.37,10559.88,10167.34,10260
2020-09-24,10256.9,10711.94,10213.82,10651.58
2020-09-25,10651.61,10791.15,10564.66,10752.93
2020-09-26,10756.64,10818.56,10658.19,10730.61
2020-09-27,10728.56,10809.3,10613.66,10726.61
2020-09-28,10734.61,10949.59,10734.61,10890.12
2020-09-29,10889.1,10889.1,10644.14,10770.6
2020-09-30,10772.79,10860.58,10666.35,10708.3
2020-10-01,10706.91,10921.06,10456.41,10592.89
2020-10-02,10594.04,10668.25,10389.82,10477.16
2020-10-03,10476.8,10601.27,10475.38,10578.87
2020-10-04,10585.15,10699.7,10534.97,10653.73
2020-10-05,10653.27,10769.47,10628.32,10743.74
2020-10-06,10743.75,10801.48,10533.32,10575.41
2020-10-07,10575.19,10679.69,10555.41,10663.35
2020-10-08,10663.25,10955.47,10542.64,10884.82
2020-10-09,10884.31,11109.01,10841.87,11059.22
2020-10-10,11058.78,11484.57,11049.39,11378.03
2020-10-11,11373.96,11433.64,11274.08,11328.49
2020-10-12,11325.33,11721.44,11229.86,11692.18
2020-10-13,11691.32,11704.33,11316.3,11454.94
2020-10-14,11453.72,11549.17,11298.88,11383.87
2020-10-15,11384.14,11604.15,11272.07,11505.6
2020-10-16,11499.04,11545.35,11226.17,11344.58
2020-10-17,11344.58,11404.53,11272.41,11349.13
2020-10-18,11349.69,11486.34,11344.02,11463.3
2020-10-19,11462.26,11818.71,11417.25,11756.21
2020-10-20,11755.77,12045.57,11689.99,11930.17
2020-10-21,11931.17,12987.71,11899.32,12938.78
2020-10-22,12930.05,13233.79,12704.16,13156.22
2020-10-23,13154.11,13196.9,12736.37,12919.74
2020-10-24,12917.92,13166.83,12888.59,13080.56
2020-10-25,13080.69,13346.47,12910.73,13020.76
2020-10-26,13020.59,13241.03,12798.27,13056.19
2020-10-27,13055.37,13754.04,13050.79,13736.87
2020-10-28,13737.79,13855.11,12906.15,13266.97
2020-10-29,13267,13642.5,12988.06,13412.45
2020-10-30,13410.7,13673.89,13135,13571.37
2020-10-31,13569.02,14072.54,13433.06,13875.37
2020-11-01,13875.29,13891.75,13631.23,13698.19
2020-11-02,13701.09,13828.39,13224.04,13581.91
2020-11-03,13581.16,13847.22,13303.27,13832.39
2020-11-04,13833.74,14256.47,13541.56,14122.59
2020-11-05,14132.21,15561.63,14084.62,15558.93
2020-11-06,15558.93,15947.65,15223.12,15612.12
2020-11-07,15614.27,15764.99,14441.61,14831.86
2020-11-08,14830.73,15653.05,14740.5,15520.06
2020-11-09,15522.37,15809.75,14834.05,15253.8
2020-11-10,15255.27,15476.84,15099.56,15381.51
2020-11-11,15383.44,15978.82,15288.78,15810.4
2020-11-12,15802.06,16341.5,15482.05,16226.29
2020-11-13,16236.67,16481.47,15977.48,16319.21
2020-11-14,16318.59,16354.05,15727.94,16035.72
2020-11-15,16036.14,16156.54,15796.89,15942.33
2020-11-16,15937.06,16876.16,15878.89,16728.02
2020-11-17,16718.7,17852.02,16563.71,17604.11
2020-11-18,17605.71,18461.46,17277.3,17835.16
2020-11-19,17827.97,18167.56,17367.78,17886.25
2020-11-20,17881.16,18812.46,17723.79,18626.02
2020-11-21,18629.04,18965.93,18370.12,18631.79
2020-11-22,18631.52,18756.34,17644.29,18627.71
2020-11-23,18575.37,18693.52,18029.65,18421.21
2020-11-24,18422.32,19418.44,18129.23,19126.95
2020-11-25,19124.04,19487.42,18647.81,18777.45
2020-11-26,18780.77,18904.52,16274.74,17199.82
2020-11-27,17199.37,17478.26,16469.18,16991.34
2020-11-28,16988.16,17892.2,16897.58,17784.84
2020-11-29,17784.14,18345.29,17547.7,18161.34
2020-11-30,18159.02,19841.86,18153.13,19490.32
2020-12-01,19491.65,19909.56,18225.69,18952.18
2020-12-02,18940.97,19332.99,18355.55,19134.12
2020-12-03,19127.29,19604.12,18891.88,19482.7
2020-12-04,19484.85,19550.08,18620.04,18670.06
2020-12-05,18687.68,19172.97,18517.09,19021.04
2020-12-06,19021.57,19333.91,18889.2,19145.13
2020-12-07,19147.05,19413.15,18911.71,19126.24
2020-12-08,19126.86,19294.8,18471.96,18471.96
2020-12-09,18389.36,18604.84,17671.52,18560.06
2020-12-10,18557.67,18639.14,17921.01,18334.59
2020-12-11,18334.6,18382.04,17598.61,18131.57
2020-12-12,18135.04,18941.54,18030.01,18886.51
2020-12-13,18885.34,19414.57,18738.38,19111.32
2020-12-14,19109.56,19332.61,19010.03,19285.96
2020-12-15,19288.4,19552.23,19064.88,19472.69
2020-12-16,19474,21436.94,19299.98,21397.23
2020-12-17,21389.46,23694.54,21235.76,22963.81
2020-12-18,22976.26,23270.31,22359.84,23029.28
2020-12-19,23030.28,24112.65,22796.34,23919.63
2020-12-20,23922.57,24240.62,23108.71,23484.48
2020-12-21,23485.42,24076.71,22040.08,23184.78
2020-12-22,23174.44,23759.17,22386.91,23723.85
2020-12-23,23723.77,24067.12,22666.35,23270.64
2020-12-24,23277.11,23724.85,22722.32,23676.98
2020-12-25,23701.85,24659.39,23420.47,24565.54
2020-12-26,24568,26769.38,24503.49,26376.78
2020-12-27,26379.7,28329.16,25833.08,26473.92
2020-12-28,26481.85,27429.05,26088.88,26826.48
2020-12-29,26857.74,27176.36,25882.73,27011.57
2020-12-30,27020.72,28985.33,26937.77,28731.52
2020-12-31,28725.66,29301.37,27975.69,29110.37
2021-01-01,29129.06,29665.79,28754.58,29340.43
2021-01-02,29340.18,33246.64,29040.15,32198.69
2021-01-03,32172.1,34770.72,31721.39,33148.12
2021-01-04,33146.98,33621.39,28496.8,31387.02
2021-01-05,31361.18,34486.79,29997.68,34310.41
2021-01-06,34304.01,36477.93,33417,36058.42
2021-01-07,36073.46,40335.15,36052.83,39675.41
2021-01-08,39700.86,41945.44,36696.09,40717.17
2021-01-09,40729.42,41394.99,38798.72,40413.68
2021-01-10,40417.03,41422.33,35315.34,38455.04
2021-01-11,38450.15,38660.65,30314.05,34470.16
2021-01-12,34446.85,36607.99,32526.74,33648.77
2021-01-13,33715.59,37804.59,32426.19,37164.99
2021-01-14,37165.93,40082.91,36776.45,38872.58
2021-01-15,38947.33,39677.43,34459.37,36632.16
2021-01-16,36605.81,37942.11,35425.89,36139.13
2021-01-17,36146.05,36856.58,33858.58,36214.23
2021-01-18,36189.66,37424.07,34809.4,36464.9
2021-01-19,36478.45,37862.58,36093.35,36686.14
2021-01-20,36684.24,36730.9,33527.07,35008.44
2021-01-21,34998.85,35669.53,30080.48,30856.84
2021-01-22,30867.09,33850.02,28823.75,32875.82
2021-01-23,32873.46,33483.6,31442.25,32085.94
2021-01-24,32083.66,33074.48,30992.47,32180.86
2021-01-25,32166.01,34877.33,31938.09,32487.45
2021-01-26,32460.37,32825.68,30856.71,32736.06
2021-01-27,32763.19,32937.04,29272.28,30600.35
2021-01-28,30601.89,33548.33,29909.63,33536.97
2021-01-29,33535.89,38629.1,31998.4,34488.23
2021-01-30,34495.98,34903.21,32875.78,34601.79
2021-01-31,34593.86,34593.86,32219.05,33006.07
2021-02-01,33008.65,34704.38,32342.7,33561.36
2021-02-02,33561.96,36004.08,33464.08,35629.27
2021-02-03,35610.12,37525.69,35426.09,37315.17
2021-02-04,37310.08,38740.3,36249.68,37293.47
2021-02-05,37300.85,38339.88,36638.26,37839.97
2021-02-06,37831.63,40982.01,37809.25,40060.73
2021-02-07,40046.09,40046.09,37411.6,38828.27
2021-02-08,38829.27,44994.26,38077.43,44667.93
2021-02-09,44693.05,48192.9,44679.42,46880.5
2021-02-10,46893.22,47337.39,43769.39,45229.53
2021-02-11,45232.8,48620.26,44061.5,47709.69
2021-02-12,47713.78,48919.57,46264.25,47951.53
2021-02-13,47943.37,48145.41,46295.18,47141.16
2021-02-14,47125.07,49638.86,47090.79,49113.17
2021-02-15,49092.84,49105.82,45938.68,48259.33
2021-02-16,48321.61,50522.6,47071.46,49134.75
2021-02-17,49131.73,52622.27,48968.95,52142.73
2021-02-18,52133.95,52542.49,50908.14,51876.35
2021-02-19,51870.58,56247.06,50782.89,55466.76
2021-02-20,55459.53,57522.13,54196.1,55509.93
2021-02-21,55491.95,58346.64,55425.29,57354.87
2021-02-22,57365.31,57587.59,48389.98,54157.86
2021-02-23,54119.26,54328.9,45016.9,48697.14
2021-02-24,48651.85,51359.84,47041.8,48885.21
2021-02-25,48871.21,52084.15,47450.01,48125.8
2021-02-26,48206.34,48435.06,44200.71,45526.6
2021-02-27,45514.16,48313.94,45439.93,45874.17
2021-02-28,45850.59,46640.88,43143.76,45272.13
2021-03-01,45273.2,49495.28,44976.3,49169.25
2021-03-02,49173.23,50220.96,47097.84,47845.16
2021-03-03,47849.33,52601.54,47790.59,50601.83
2021-03-04,50607.68,51782.52,47516.91,48251
2021-03-05,48246.38,49463.36,46351.48,49094.77
2021-03-06,49087.75,49179.76,47113.25,48959.95
2021-03-07,48964.86,51339.58,48854.33,50515.62
2021-03-08,50515.37,51978.39,49343.72,51602.47
2021-03-09,51618.45,54882.89,51618.45,54807.49
2021-03-10,54842.37,57378.11,53077.9,56941.26
2021-03-11,56932.71,58024.18,54338.53,57954.85
2021-03-12,57955.32,58141.38,55097.89,57253.43
2021-03-13,57241.81,61747.57,56129.51,61086.16
2021-03-14,61071.12,61658.02,59335.67,60209.01
2021-03-15,60215.76,60727.94,54944.56,56148.67
2021-03-16,56160.99,56818.55,53302.87,56308.07
2021-03-17,56285.37,58956.28,54185.92,58356.59
2021-03-18,58387.26,60070.33,57035.47,57695.57
2021-03-19,57656.94,59441.36,56302.82,58531.77
